document,section_title,text,page_number,tfidf_sim_persona,tfidf_sim_job,section_length,title_length,relevance
Document_2.pdf,Analysis,This is a sample text for the section Analysis. It contains information relevant to the topic.,8,0.949,0.535,119,8,0
Document_1.pdf,Limitations,This is a sample text for the section Limitations. It contains information relevant to the topic.,14,0.931,0.476,433,11,1
Document_5.pdf,Case Study,This is a sample text for the section Case Study. It contains information relevant to the topic.,16,0.552,0.204,111,10,0
Document_6.pdf,Abstract,This is a sample text for the section Abstract. It contains information relevant to the topic.,16,0.056,0.998,58,8,1
Document_9.pdf,Key Points,This is a sample text for the section Key Points. It contains information relevant to the topic.,11,0.789,0.727,236,10,1
Document_4.pdf,Methodology,This is a sample text for the section Methodology. It contains information relevant to the topic.,8,0.147,0.985,77,11,0
Document_7.pdf,Case Study,This is a sample text for the section Case Study. It contains information relevant to the topic.,3,0.948,0.03,221,10,1
Document_9.pdf,Overview,This is a sample text for the section Overview. It contains information relevant to the topic.,4,0.214,0.179,225,8,0
Document_5.pdf,Methodology,This is a sample text for the section Methodology. It contains information relevant to the topic.,3,0.352,0.959,347,11,1
Document_4.pdf,Appendix,This is a sample text for the section Appendix. It contains information relevant to the topic.,15,0.545,0.282,318,8,0
Document_4.pdf,Objectives,This is a sample text for the section Objectives. It contains information relevant to the topic.,4,0.984,0.029,158,10,1
Document_4.pdf,Future Work,This is a sample text for the section Future Work. It contains information relevant to the topic.,15,0.498,0.776,382,11,1
Document_1.pdf,Key Points,This is a sample text for the section Key Points. It contains information relevant to the topic.,12,0.687,0.216,447,10,0
Document_5.pdf,Background,This is a sample text for the section Background. It contains information relevant to the topic.,16,0.715,0.207,102,10,0
Document_1.pdf,Summary,This is a sample text for the section Summary. It contains information relevant to the topic.,8,0.923,0.5,334,7,1
Document_4.pdf,Key Points,This is a sample text for the section Key Points. It contains information relevant to the topic.,1,0.42,0.492,293,10,0
Document_3.pdf,Conclusion,This is a sample text for the section Conclusion. It contains information relevant to the topic.,2,0.478,0.026,453,10,0
Document_1.pdf,References,This is a sample text for the section References. It contains information relevant to the topic.,9,0.412,0.155,389,10,1
Document_4.pdf,Findings,This is a sample text for the section Findings. It contains information relevant to the topic.,5,0.503,0.708,430,8,1
Document_5.pdf,Conclusion,This is a sample text for the section Conclusion. It contains information relevant to the topic.,4,0.151,0.021,118,10,1
Document_9.pdf,Background,This is a sample text for the section Background. It contains information relevant to the topic.,4,0.485,0.209,467,10,0
Document_9.pdf,Objectives,This is a sample text for the section Objectives. It contains information relevant to the topic.,13,0.222,0.14,421,10,1
Document_1.pdf,Analysis,This is a sample text for the section Analysis. It contains information relevant to the topic.,9,0.644,0.064,318,8,0
Document_4.pdf,Introduction,This is a sample text for the section Introduction. It contains information relevant to the topic.,3,0.01,0.624,108,12,0
Document_6.pdf,Recommendations,This is a sample text for the section Recommendations. It contains information relevant to the topic.,18,0.309,0.832,178,15,0
Document_8.pdf,Future Work,This is a sample text for the section Future Work. It contains information relevant to the topic.,8,0.566,0.392,493,11,1
Document_10.pdf,References,This is a sample text for the section References. It contains information relevant to the topic.,19,0.505,0.57,336,10,1
Document_10.pdf,Appendix,This is a sample text for the section Appendix. It contains information relevant to the topic.,6,0.868,0.296,310,8,0
Document_1.pdf,Overview,This is a sample text for the section Overview. It contains information relevant to the topic.,9,0.867,0.593,319,8,0
Document_10.pdf,Abstract,This is a sample text for the section Abstract. It contains information relevant to the topic.,11,0.66,0.165,200,8,1
Document_3.pdf,Analysis,This is a sample text for the section Analysis. It contains information relevant to the topic.,18,0.353,0.724,444,8,1
Document_10.pdf,Overview,This is a sample text for the section Overview. It contains information relevant to the topic.,18,0.258,0.608,273,8,0
Document_10.pdf,Introduction,This is a sample text for the section Introduction. It contains information relevant to the topic.,18,0.247,0.88,262,12,0
Document_9.pdf,Analysis,This is a sample text for the section Analysis. It contains information relevant to the topic.,2,0.648,0.947,448,8,1
Document_5.pdf,Recommendations,This is a sample text for the section Recommendations. It contains information relevant to the topic.,8,0.115,0.07,271,15,1
Document_8.pdf,Discussion,This is a sample text for the section Discussion. It contains information relevant to the topic.,4,0.449,0.358,73,10,0
Document_8.pdf,Case Study,This is a sample text for the section Case Study. It contains information relevant to the topic.,19,0.433,0.472,254,10,0
Document_10.pdf,Methodology,This is a sample text for the section Methodology. It contains information relevant to the topic.,14,0.129,0.877,74,11,0
Document_7.pdf,Summary,This is a sample text for the section Summary. It contains information relevant to the topic.,3,0.549,0.573,163,7,1
Document_3.pdf,Conclusion,This is a sample text for the section Conclusion. It contains information relevant to the topic.,3,0.663,0.251,290,10,1
Document_5.pdf,Findings,This is a sample text for the section Findings. It contains information relevant to the topic.,5,0.322,0.218,305,8,0
Document_4.pdf,Appendix,This is a sample text for the section Appendix. It contains information relevant to the topic.,15,0.876,0.629,357,8,1
Document_4.pdf,Introduction,This is a sample text for the section Introduction. It contains information relevant to the topic.,17,0.63,0.693,360,12,0
Document_5.pdf,Results,This is a sample text for the section Results. It contains information relevant to the topic.,5,0.198,0.115,384,7,0
Document_6.pdf,Conclusion,This is a sample text for the section Conclusion. It contains information relevant to the topic.,12,0.177,0.961,148,10,0
Document_3.pdf,Scope,This is a sample text for the section Scope. It contains information relevant to the topic.,3,0.289,0.722,458,5,0
Document_4.pdf,Findings,This is a sample text for the section Findings. It contains information relevant to the topic.,16,0.758,0.509,447,8,0
Document_5.pdf,Findings,This is a sample text for the section Findings. It contains information relevant to the topic.,8,0.874,0.058,369,8,0
Document_10.pdf,Objectives,This is a sample text for the section Objectives. It contains information relevant to the topic.,19,0.379,0.604,495,10,0
Document_7.pdf,Background,This is a sample text for the section Background. It contains information relevant to the topic.,9,0.526,0.083,456,10,1
Document_7.pdf,Summary,This is a sample text for the section Summary. It contains information relevant to the topic.,12,0.921,0.669,92,7,1
Document_6.pdf,Case Study,This is a sample text for the section Case Study. It contains information relevant to the topic.,20,0.062,0.193,194,10,1
Document_9.pdf,Key Points,This is a sample text for the section Key Points. It contains information relevant to the topic.,1,0.27,0.574,177,10,0
Document_3.pdf,Appendix,This is a sample text for the section Appendix. It contains information relevant to the topic.,8,0.108,0.916,322,8,1
Document_8.pdf,Methodology,This is a sample text for the section Methodology. It contains information relevant to the topic.,9,0.261,0.908,275,11,0
Document_4.pdf,Introduction,This is a sample text for the section Introduction. It contains information relevant to the topic.,7,0.733,0.799,146,12,0
Document_8.pdf,Results,This is a sample text for the section Results. It contains information relevant to the topic.,4,0.5,0.579,202,7,1
Document_2.pdf,Results,This is a sample text for the section Results. It contains information relevant to the topic.,8,0.918,0.488,234,7,1
Document_2.pdf,Scope,This is a sample text for the section Scope. It contains information relevant to the topic.,13,0.92,0.668,434,5,0
Document_3.pdf,Findings,This is a sample text for the section Findings. It contains information relevant to the topic.,13,0.999,0.667,499,8,1
Document_1.pdf,Scope,This is a sample text for the section Scope. It contains information relevant to the topic.,20,0.815,0.051,347,5,1
Document_2.pdf,References,This is a sample text for the section References. It contains information relevant to the topic.,20,0.491,0.258,180,10,0
Document_7.pdf,Overview,This is a sample text for the section Overview. It contains information relevant to the topic.,20,0.148,0.64,345,8,1
Document_5.pdf,Background,This is a sample text for the section Background. It contains information relevant to the topic.,17,0.309,0.775,446,10,1
Document_10.pdf,Introduction,This is a sample text for the section Introduction. It contains information relevant to the topic.,11,0.837,0.506,432,12,0
Document_1.pdf,Key Points,This is a sample text for the section Key Points. It contains information relevant to the topic.,7,0.372,0.868,346,10,0
Document_1.pdf,Summary,This is a sample text for the section Summary. It contains information relevant to the topic.,10,0.489,0.093,269,7,1
Document_10.pdf,Appendix,This is a sample text for the section Appendix. It contains information relevant to the topic.,7,0.01,0.641,229,8,0
Document_3.pdf,Abstract,This is a sample text for the section Abstract. It contains information relevant to the topic.,12,0.327,0.686,173,8,1
Document_2.pdf,Recommendations,This is a sample text for the section Recommendations. It contains information relevant to the topic.,7,0.51,0.295,280,15,0
Document_8.pdf,Introduction,This is a sample text for the section Introduction. It contains information relevant to the topic.,16,0.496,0.152,447,12,1
Document_7.pdf,Objectives,This is a sample text for the section Objectives. It contains information relevant to the topic.,4,0.287,0.388,63,10,0
Document_6.pdf,Case Study,This is a sample text for the section Case Study. It contains information relevant to the topic.,17,0.085,0.175,403,10,1
Document_2.pdf,Future Work,This is a sample text for the section Future Work. It contains information relevant to the topic.,3,0.229,0.863,107,11,0
Document_8.pdf,Scope,This is a sample text for the section Scope. It contains information relevant to the topic.,10,0.811,0.152,491,5,0
Document_6.pdf,Case Study,This is a sample text for the section Case Study. It contains information relevant to the topic.,20,0.737,0.654,418,10,0
Document_5.pdf,Analysis,This is a sample text for the section Analysis. It contains information relevant to the topic.,12,0.149,0.926,204,8,0
Document_6.pdf,Analysis,This is a sample text for the section Analysis. It contains information relevant to the topic.,15,0.814,0.116,297,8,1
Document_3.pdf,Abstract,This is a sample text for the section Abstract. It contains information relevant to the topic.,13,0.906,0.277,103,8,1
Document_7.pdf,Findings,This is a sample text for the section Findings. It contains information relevant to the topic.,3,0.114,0.052,322,8,0
Document_1.pdf,Recommendations,This is a sample text for the section Recommendations. It contains information relevant to the topic.,4,0.342,0.983,63,15,1
Document_4.pdf,Methodology,This is a sample text for the section Methodology. It contains information relevant to the topic.,5,0.314,0.77,348,11,0
Document_2.pdf,Case Study,This is a sample text for the section Case Study. It contains information relevant to the topic.,4,0.239,0.761,230,10,1
Document_4.pdf,Overview,This is a sample text for the section Overview. It contains information relevant to the topic.,3,0.691,0.826,431,8,0
Document_6.pdf,Appendix,This is a sample text for the section Appendix. It contains information relevant to the topic.,3,0.728,0.491,200,8,1
Document_4.pdf,Background,This is a sample text for the section Background. It contains information relevant to the topic.,3,0.219,0.892,139,10,0
Document_3.pdf,Abstract,This is a sample text for the section Abstract. It contains information relevant to the topic.,5,0.786,0.069,411,8,1
Document_3.pdf,Abstract,This is a sample text for the section Abstract. It contains information relevant to the topic.,4,0.53,0.727,123,8,1
Document_7.pdf,Findings,This is a sample text for the section Findings. It contains information relevant to the topic.,9,0.215,0.919,344,8,0
Document_8.pdf,Results,This is a sample text for the section Results. It contains information relevant to the topic.,6,0.83,0.42,343,7,1
Document_1.pdf,Scope,This is a sample text for the section Scope. It contains information relevant to the topic.,15,0.713,0.598,158,5,0
Document_7.pdf,Objectives,This is a sample text for the section Objectives. It contains information relevant to the topic.,15,0.072,0.398,436,10,0
Document_6.pdf,Recommendations,This is a sample text for the section Recommendations. It contains information relevant to the topic.,18,0.624,0.47,277,15,0
Document_1.pdf,Background,This is a sample text for the section Background. It contains information relevant to the topic.,15,0.112,0.515,327,10,0
Document_7.pdf,Results,This is a sample text for the section Results. It contains information relevant to the topic.,20,0.335,0.562,494,7,1
Document_2.pdf,Appendix,This is a sample text for the section Appendix. It contains information relevant to the topic.,17,0.269,0.835,65,8,0
Document_9.pdf,Key Points,This is a sample text for the section Key Points. It contains information relevant to the topic.,1,0.765,0.701,246,10,0
Document_3.pdf,Future Work,This is a sample text for the section Future Work. It contains information relevant to the topic.,6,0.405,0.069,453,11,0
Document_2.pdf,References,This is a sample text for the section References. It contains information relevant to the topic.,14,0.581,0.446,446,10,1
Document_3.pdf,Summary,This is a sample text for the section Summary. It contains information relevant to the topic.,12,0.182,0.911,359,7,1
Document_3.pdf,Analysis,This is a sample text for the section Analysis. It contains information relevant to the topic.,1,0.783,0.576,453,8,1
Document_6.pdf,Key Points,This is a sample text for the section Key Points. It contains information relevant to the topic.,3,0.548,0.137,163,10,0
Document_7.pdf,Objectives,This is a sample text for the section Objectives. It contains information relevant to the topic.,17,0.774,0.845,487,10,0
Document_10.pdf,Overview,This is a sample text for the section Overview. It contains information relevant to the topic.,20,0.708,0.341,185,8,1
Document_6.pdf,Background,This is a sample text for the section Background. It contains information relevant to the topic.,1,0.385,0.405,343,10,1
Document_6.pdf,Case Study,This is a sample text for the section Case Study. It contains information relevant to the topic.,11,0.186,0.756,203,10,0
Document_5.pdf,Methodology,This is a sample text for the section Methodology. It contains information relevant to the topic.,19,0.381,0.74,78,11,0
Document_1.pdf,Abstract,This is a sample text for the section Abstract. It contains information relevant to the topic.,14,0.157,0.102,339,8,1
Document_5.pdf,Case Study,This is a sample text for the section Case Study. It contains information relevant to the topic.,5,0.829,0.029,268,10,1
Document_10.pdf,Overview,This is a sample text for the section Overview. It contains information relevant to the topic.,19,0.003,0.772,194,8,0
Document_5.pdf,Background,This is a sample text for the section Background. It contains information relevant to the topic.,20,0.878,0.744,362,10,1
Document_10.pdf,Limitations,This is a sample text for the section Limitations. It contains information relevant to the topic.,16,0.768,0.854,495,11,1
Document_9.pdf,Background,This is a sample text for the section Background. It contains information relevant to the topic.,12,0.991,0.179,164,10,1
Document_7.pdf,Limitations,This is a sample text for the section Limitations. It contains information relevant to the topic.,17,0.156,0.47,70,11,1
Document_5.pdf,Case Study,This is a sample text for the section Case Study. It contains information relevant to the topic.,3,0.913,0.248,176,10,0
Document_10.pdf,References,This is a sample text for the section References. It contains information relevant to the topic.,3,0.641,0.029,88,10,0
Document_8.pdf,Findings,This is a sample text for the section Findings. It contains information relevant to the topic.,19,0.103,0.102,468,8,0
Document_8.pdf,Key Points,This is a sample text for the section Key Points. It contains information relevant to the topic.,14,0.005,0.536,260,10,0
Document_1.pdf,Introduction,This is a sample text for the section Introduction. It contains information relevant to the topic.,6,0.835,0.823,108,12,1
Document_2.pdf,Conclusion,This is a sample text for the section Conclusion. It contains information relevant to the topic.,6,0.986,0.764,384,10,1
Document_7.pdf,Key Points,This is a sample text for the section Key Points. It contains information relevant to the topic.,12,0.584,0.795,51,10,0
Document_1.pdf,Abstract,This is a sample text for the section Abstract. It contains information relevant to the topic.,3,0.24,0.717,70,8,1
Document_1.pdf,Findings,This is a sample text for the section Findings. It contains information relevant to the topic.,14,0.272,0.921,87,8,1
Document_1.pdf,Objectives,This is a sample text for the section Objectives. It contains information relevant to the topic.,12,0.735,0.866,436,10,1
Document_8.pdf,Discussion,This is a sample text for the section Discussion. It contains information relevant to the topic.,7,0.759,0.493,295,10,0
Document_8.pdf,Limitations,This is a sample text for the section Limitations. It contains information relevant to the topic.,13,0.178,0.093,227,11,1
Document_2.pdf,Recommendations,This is a sample text for the section Recommendations. It contains information relevant to the topic.,13,0.353,0.489,99,15,1
Document_9.pdf,Discussion,This is a sample text for the section Discussion. It contains information relevant to the topic.,18,0.348,0.722,488,10,0
Document_4.pdf,Case Study,This is a sample text for the section Case Study. It contains information relevant to the topic.,12,0.603,0.306,394,10,1
Document_7.pdf,Overview,This is a sample text for the section Overview. It contains information relevant to the topic.,20,0.028,0.649,360,8,0
Document_3.pdf,Analysis,This is a sample text for the section Analysis. It contains information relevant to the topic.,20,0.493,0.239,77,8,1
Document_9.pdf,Conclusion,This is a sample text for the section Conclusion. It contains information relevant to the topic.,3,0.972,0.876,265,10,0
Document_4.pdf,Recommendations,This is a sample text for the section Recommendations. It contains information relevant to the topic.,16,0.572,0.446,474,15,1
Document_8.pdf,Findings,This is a sample text for the section Findings. It contains information relevant to the topic.,16,0.102,0.767,486,8,1
Document_1.pdf,Limitations,This is a sample text for the section Limitations. It contains information relevant to the topic.,17,0.19,0.921,320,11,0
Document_9.pdf,Results,This is a sample text for the section Results. It contains information relevant to the topic.,8,0.813,0.214,500,7,1
Document_10.pdf,Future Work,This is a sample text for the section Future Work. It contains information relevant to the topic.,13,0.228,0.233,207,11,1
Document_7.pdf,Discussion,This is a sample text for the section Discussion. It contains information relevant to the topic.,12,0.096,0.408,265,10,1
Document_4.pdf,Conclusion,This is a sample text for the section Conclusion. It contains information relevant to the topic.,15,0.34,0.603,274,10,1
Document_7.pdf,Future Work,This is a sample text for the section Future Work. It contains information relevant to the topic.,5,0.447,0.712,494,11,1
Document_6.pdf,Findings,This is a sample text for the section Findings. It contains information relevant to the topic.,12,0.867,0.764,475,8,0
Document_7.pdf,References,This is a sample text for the section References. It contains information relevant to the topic.,2,0.11,0.554,265,10,1
Document_4.pdf,Objectives,This is a sample text for the section Objectives. It contains information relevant to the topic.,11,0.557,0.728,432,10,1
Document_2.pdf,References,This is a sample text for the section References. It contains information relevant to the topic.,13,0.396,0.455,320,10,1
Document_7.pdf,Summary,This is a sample text for the section Summary. It contains information relevant to the topic.,1,0.372,0.437,351,7,0
Document_6.pdf,Background,This is a sample text for the section Background. It contains information relevant to the topic.,3,0.67,0.741,303,10,1
Document_4.pdf,Future Work,This is a sample text for the section Future Work. It contains information relevant to the topic.,2,0.859,0.785,493,11,1
Document_2.pdf,Overview,This is a sample text for the section Overview. It contains information relevant to the topic.,1,0.292,0.053,384,8,0
Document_6.pdf,Objectives,This is a sample text for the section Objectives. It contains information relevant to the topic.,19,0.129,0.224,336,10,1
Document_3.pdf,Recommendations,This is a sample text for the section Recommendations. It contains information relevant to the topic.,16,0.592,0.585,176,15,1
Document_10.pdf,Objectives,This is a sample text for the section Objectives. It contains information relevant to the topic.,9,0.163,0.964,102,10,0
Document_2.pdf,Key Points,This is a sample text for the section Key Points. It contains information relevant to the topic.,6,0.949,0.163,313,10,0
Document_1.pdf,Findings,This is a sample text for the section Findings. It contains information relevant to the topic.,8,0.4,0.744,383,8,0
Document_6.pdf,Analysis,This is a sample text for the section Analysis. It contains information relevant to the topic.,15,0.771,0.654,395,8,1
Document_10.pdf,Overview,This is a sample text for the section Overview. It contains information relevant to the topic.,12,0.209,0.759,490,8,0
Document_3.pdf,Recommendations,This is a sample text for the section Recommendations. It contains information relevant to the topic.,6,0.939,0.998,355,15,0
Document_7.pdf,Case Study,This is a sample text for the section Case Study. It contains information relevant to the topic.,6,0.731,0.29,58,10,0
Document_6.pdf,Objectives,This is a sample text for the section Objectives. It contains information relevant to the topic.,10,0.829,0.009,327,10,0
Document_10.pdf,Limitations,This is a sample text for the section Limitations. It contains information relevant to the topic.,17,0.017,0.627,315,11,0
Document_3.pdf,Summary,This is a sample text for the section Summary. It contains information relevant to the topic.,2,0.903,0.477,51,7,0
Document_6.pdf,Findings,This is a sample text for the section Findings. It contains information relevant to the topic.,13,0.238,0.528,236,8,1
Document_8.pdf,Summary,This is a sample text for the section Summary. It contains information relevant to the topic.,6,0.041,0.023,119,7,0
Document_4.pdf,Introduction,This is a sample text for the section Introduction. It contains information relevant to the topic.,19,0.652,0.721,79,12,1
Document_6.pdf,Key Points,This is a sample text for the section Key Points. It contains information relevant to the topic.,9,0.768,0.599,253,10,0
Document_6.pdf,Introduction,This is a sample text for the section Introduction. It contains information relevant to the topic.,7,0.045,0.777,109,12,1
Document_8.pdf,Introduction,This is a sample text for the section Introduction. It contains information relevant to the topic.,13,0.519,0.327,309,12,0
Document_9.pdf,Objectives,This is a sample text for the section Objectives. It contains information relevant to the topic.,15,0.952,0.169,180,10,0
Document_8.pdf,Conclusion,This is a sample text for the section Conclusion. It contains information relevant to the topic.,16,0.07,0.216,429,10,0
Document_8.pdf,Overview,This is a sample text for the section Overview. It contains information relevant to the topic.,4,0.4,0.637,192,8,1
Document_5.pdf,Abstract,This is a sample text for the section Abstract. It contains information relevant to the topic.,4,0.304,0.321,366,8,0
Document_6.pdf,Analysis,This is a sample text for the section Analysis. It contains information relevant to the topic.,8,0.74,0.25,182,8,0
Document_7.pdf,Conclusion,This is a sample text for the section Conclusion. It contains information relevant to the topic.,5,0.497,0.167,291,10,0
Document_4.pdf,Objectives,This is a sample text for the section Objectives. It contains information relevant to the topic.,18,0.693,0.918,299,10,0
Document_9.pdf,References,This is a sample text for the section References. It contains information relevant to the topic.,15,0.282,0.5,174,10,0
Document_7.pdf,Discussion,This is a sample text for the section Discussion. It contains information relevant to the topic.,6,0.587,0.832,241,10,0
Document_10.pdf,Conclusion,This is a sample text for the section Conclusion. It contains information relevant to the topic.,4,0.303,0.69,55,10,1
Document_1.pdf,Abstract,This is a sample text for the section Abstract. It contains information relevant to the topic.,18,0.907,0.129,240,8,0
Document_8.pdf,Methodology,This is a sample text for the section Methodology. It contains information relevant to the topic.,5,0.97,0.641,190,11,1
Document_8.pdf,Introduction,This is a sample text for the section Introduction. It contains information relevant to the topic.,17,0.423,0.259,500,12,0
Document_6.pdf,Overview,This is a sample text for the section Overview. It contains information relevant to the topic.,17,0.59,0.704,271,8,0
Document_3.pdf,Abstract,This is a sample text for the section Abstract. It contains information relevant to the topic.,5,0.451,0.216,61,8,0
Document_3.pdf,Discussion,This is a sample text for the section Discussion. It contains information relevant to the topic.,18,0.601,0.693,221,10,1
Document_7.pdf,Findings,This is a sample text for the section Findings. It contains information relevant to the topic.,6,0.258,0.877,478,8,1
Document_5.pdf,Key Points,This is a sample text for the section Key Points. It contains information relevant to the topic.,2,0.157,0.355,491,10,0
Document_3.pdf,Findings,This is a sample text for the section Findings. It contains information relevant to the topic.,1,0.432,0.353,435,8,0
Document_1.pdf,Methodology,This is a sample text for the section Methodology. It contains information relevant to the topic.,8,0.142,0.212,316,11,1
Document_10.pdf,Discussion,This is a sample text for the section Discussion. It contains information relevant to the topic.,14,0.738,0.16,177,10,0
Document_1.pdf,Background,This is a sample text for the section Background. It contains information relevant to the topic.,15,0.705,0.626,199,10,1
Document_6.pdf,Summary,This is a sample text for the section Summary. It contains information relevant to the topic.,9,0.423,0.681,328,7,1
Document_6.pdf,Recommendations,This is a sample text for the section Recommendations. It contains information relevant to the topic.,1,0.681,0.506,77,15,1
Document_9.pdf,Appendix,This is a sample text for the section Appendix. It contains information relevant to the topic.,7,0.358,0.117,88,8,0
Document_8.pdf,Key Points,This is a sample text for the section Key Points. It contains information relevant to the topic.,18,0.192,0.051,160,10,1
Document_10.pdf,Limitations,This is a sample text for the section Limitations. It contains information relevant to the topic.,9,0.61,0.943,435,11,1
Document_5.pdf,Results,This is a sample text for the section Results. It contains information relevant to the topic.,9,0.645,0.484,65,7,1
Document_1.pdf,Overview,This is a sample text for the section Overview. It contains information relevant to the topic.,1,0.856,0.192,320,8,0
Document_1.pdf,Appendix,This is a sample text for the section Appendix. It contains information relevant to the topic.,7,0.896,0.332,264,8,1
Document_1.pdf,Findings,This is a sample text for the section Findings. It contains information relevant to the topic.,5,0.555,0.55,448,8,1
Document_9.pdf,Appendix,This is a sample text for the section Appendix. It contains information relevant to the topic.,1,0.476,0.183,170,8,1
Document_2.pdf,Results,This is a sample text for the section Results. It contains information relevant to the topic.,1,0.825,0.312,439,7,1
Document_1.pdf,Overview,This is a sample text for the section Overview. It contains information relevant to the topic.,6,0.772,0.637,377,8,0
Document_5.pdf,Results,This is a sample text for the section Results. It contains information relevant to the topic.,2,0.03,0.688,194,7,0
Document_3.pdf,Background,This is a sample text for the section Background. It contains information relevant to the topic.,19,0.571,0.826,188,10,1
Document_8.pdf,Abstract,This is a sample text for the section Abstract. It contains information relevant to the topic.,1,0.002,0.334,226,8,1
Document_10.pdf,Results,This is a sample text for the section Results. It contains information relevant to the topic.,17,0.65,0.691,102,7,0
Document_4.pdf,Discussion,This is a sample text for the section Discussion. It contains information relevant to the topic.,7,0.393,0.594,488,10,0
Document_3.pdf,Results,This is a sample text for the section Results. It contains information relevant to the topic.,17,0.371,0.233,419,7,0
Document_10.pdf,Analysis,This is a sample text for the section Analysis. It contains information relevant to the topic.,12,0.747,0.518,240,8,1
Document_3.pdf,Objectives,This is a sample text for the section Objectives. It contains information relevant to the topic.,9,0.764,0.388,290,10,0
Document_7.pdf,Results,This is a sample text for the section Results. It contains information relevant to the topic.,18,0.309,0.149,488,7,0
Document_2.pdf,Scope,This is a sample text for the section Scope. It contains information relevant to the topic.,16,0.31,0.069,291,5,1
Document_10.pdf,Conclusion,This is a sample text for the section Conclusion. It contains information relevant to the topic.,5,0.041,0.78,91,10,0
Document_10.pdf,Scope,This is a sample text for the section Scope. It contains information relevant to the topic.,13,0.115,0.45,423,5,1
Document_10.pdf,Background,This is a sample text for the section Background. It contains information relevant to the topic.,12,0.435,0.429,55,10,0
Document_5.pdf,Conclusion,This is a sample text for the section Conclusion. It contains information relevant to the topic.,17,0.602,0.311,238,10,0
Document_5.pdf,Objectives,This is a sample text for the section Objectives. It contains information relevant to the topic.,11,0.937,0.283,321,10,0
Document_8.pdf,Case Study,This is a sample text for the section Case Study. It contains information relevant to the topic.,16,0.001,0.679,102,10,1
Document_2.pdf,Key Points,This is a sample text for the section Key Points. It contains information relevant to the topic.,17,0.535,0.531,301,10,1
Document_6.pdf,Objectives,This is a sample text for the section Objectives. It contains information relevant to the topic.,1,0.076,0.576,331,10,0
Document_2.pdf,Discussion,This is a sample text for the section Discussion. It contains information relevant to the topic.,20,0.698,0.421,110,10,1
Document_3.pdf,Limitations,This is a sample text for the section Limitations. It contains information relevant to the topic.,19,0.325,0.404,252,11,1
Document_8.pdf,References,This is a sample text for the section References. It contains information relevant to the topic.,20,0.787,0.383,73,10,1
Document_10.pdf,Discussion,This is a sample text for the section Discussion. It contains information relevant to the topic.,13,0.97,0.525,307,10,0
Document_8.pdf,Case Study,This is a sample text for the section Case Study. It contains information relevant to the topic.,2,0.851,0.321,65,10,1
Document_6.pdf,Summary,This is a sample text for the section Summary. It contains information relevant to the topic.,10,0.641,0.394,288,7,1
Document_9.pdf,Future Work,This is a sample text for the section Future Work. It contains information relevant to the topic.,4,0.724,0.795,164,11,0
Document_7.pdf,Objectives,This is a sample text for the section Objectives. It contains information relevant to the topic.,17,0.468,0.573,99,10,0
Document_7.pdf,Background,This is a sample text for the section Background. It contains information relevant to the topic.,16,0.576,0.169,158,10,0
Document_3.pdf,Results,This is a sample text for the section Results. It contains information relevant to the topic.,15,0.231,0.495,289,7,0
Document_7.pdf,Methodology,This is a sample text for the section Methodology. It contains information relevant to the topic.,15,0.71,0.581,255,11,1
Document_10.pdf,Abstract,This is a sample text for the section Abstract. It contains information relevant to the topic.,2,0.977,0.258,207,8,1
Document_4.pdf,References,This is a sample text for the section References. It contains information relevant to the topic.,10,0.1,0.176,466,10,1
Document_6.pdf,Conclusion,This is a sample text for the section Conclusion. It contains information relevant to the topic.,20,0.083,0.586,155,10,1
Document_6.pdf,Limitations,This is a sample text for the section Limitations. It contains information relevant to the topic.,14,0.114,0.695,437,11,1
Document_4.pdf,Scope,This is a sample text for the section Scope. It contains information relevant to the topic.,11,0.207,0.941,366,5,1
Document_6.pdf,Objectives,This is a sample text for the section Objectives. It contains information relevant to the topic.,16,0.113,0.061,380,10,0
Document_3.pdf,Case Study,This is a sample text for the section Case Study. It contains information relevant to the topic.,15,0.397,0.782,290,10,1
Document_2.pdf,Background,This is a sample text for the section Background. It contains information relevant to the topic.,10,0.377,0.842,470,10,1
Document_2.pdf,Results,This is a sample text for the section Results. It contains information relevant to the topic.,3,0.859,0.789,63,7,1
Document_3.pdf,Key Points,This is a sample text for the section Key Points. It contains information relevant to the topic.,16,0.139,0.397,153,10,1
Document_9.pdf,Introduction,This is a sample text for the section Introduction. It contains information relevant to the topic.,3,0.031,0.517,353,12,1
Document_5.pdf,Scope,This is a sample text for the section Scope. It contains information relevant to the topic.,6,0.152,0.867,220,5,1
Document_2.pdf,Abstract,This is a sample text for the section Abstract. It contains information relevant to the topic.,5,0.419,0.229,288,8,1
Document_9.pdf,Overview,This is a sample text for the section Overview. It contains information relevant to the topic.,16,0.994,0.002,388,8,1
Document_3.pdf,Limitations,This is a sample text for the section Limitations. It contains information relevant to the topic.,19,0.689,0.483,373,11,0
Document_2.pdf,Appendix,This is a sample text for the section Appendix. It contains information relevant to the topic.,10,0.74,0.974,175,8,0
Document_7.pdf,Key Points,This is a sample text for the section Key Points. It contains information relevant to the topic.,1,0.894,0.861,377,10,0
Document_7.pdf,Analysis,This is a sample text for the section Analysis. It contains information relevant to the topic.,20,0.091,0.194,301,8,1
Document_8.pdf,Findings,This is a sample text for the section Findings. It contains information relevant to the topic.,20,0.181,0.672,113,8,1
Document_9.pdf,References,This is a sample text for the section References. It contains information relevant to the topic.,4,0.377,0.888,476,10,1
Document_2.pdf,Appendix,This is a sample text for the section Appendix. It contains information relevant to the topic.,1,0.623,0.978,130,8,1
Document_8.pdf,Methodology,This is a sample text for the section Methodology. It contains information relevant to the topic.,2,0.175,0.052,223,11,1
Document_3.pdf,Overview,This is a sample text for the section Overview. It contains information relevant to the topic.,14,0.211,0.321,194,8,0
Document_7.pdf,Scope,This is a sample text for the section Scope. It contains information relevant to the topic.,2,0.242,0.675,467,5,0
Document_10.pdf,Discussion,This is a sample text for the section Discussion. It contains information relevant to the topic.,18,0.501,0.334,387,10,1
Document_1.pdf,Background,This is a sample text for the section Background. It contains information relevant to the topic.,5,0.943,0.338,116,10,0
Document_6.pdf,Case Study,This is a sample text for the section Case Study. It contains information relevant to the topic.,4,0.953,0.64,303,10,0
Document_5.pdf,Discussion,This is a sample text for the section Discussion. It contains information relevant to the topic.,14,0.35,0.298,259,10,0
Document_9.pdf,Appendix,This is a sample text for the section Appendix. It contains information relevant to the topic.,20,0.31,0.932,303,8,0
Document_1.pdf,Key Points,This is a sample text for the section Key Points. It contains information relevant to the topic.,15,0.158,0.645,433,10,0
Document_3.pdf,Findings,This is a sample text for the section Findings. It contains information relevant to the topic.,8,0.695,0.594,315,8,0
Document_10.pdf,Analysis,This is a sample text for the section Analysis. It contains information relevant to the topic.,1,0.662,0.55,146,8,1
Document_4.pdf,Appendix,This is a sample text for the section Appendix. It contains information relevant to the topic.,18,0.08,0.085,97,8,0
Document_5.pdf,References,This is a sample text for the section References. It contains information relevant to the topic.,9,0.22,0.772,400,10,1
Document_2.pdf,Findings,This is a sample text for the section Findings. It contains information relevant to the topic.,16,0.862,0.938,324,8,1
Document_9.pdf,Background,This is a sample text for the section Background. It contains information relevant to the topic.,3,0.732,0.095,367,10,1
Document_9.pdf,Discussion,This is a sample text for the section Discussion. It contains information relevant to the topic.,4,0.89,0.556,220,10,0
Document_4.pdf,Recommendations,This is a sample text for the section Recommendations. It contains information relevant to the topic.,9,0.641,0.761,417,15,1
Document_7.pdf,Results,This is a sample text for the section Results. It contains information relevant to the topic.,4,0.188,0.29,250,7,0
Document_6.pdf,Overview,This is a sample text for the section Overview. It contains information relevant to the topic.,14,0.581,0.14,373,8,1
Document_6.pdf,References,This is a sample text for the section References. It contains information relevant to the topic.,19,0.304,0.259,375,10,0
Document_10.pdf,Conclusion,This is a sample text for the section Conclusion. It contains information relevant to the topic.,8,0.785,0.897,300,10,0
Document_9.pdf,Abstract,This is a sample text for the section Abstract. It contains information relevant to the topic.,19,0.505,0.898,354,8,0
Document_8.pdf,Scope,This is a sample text for the section Scope. It contains information relevant to the topic.,2,0.973,0.765,451,5,1
Document_6.pdf,Analysis,This is a sample text for the section Analysis. It contains information relevant to the topic.,17,0.185,0.63,229,8,0
Document_3.pdf,References,This is a sample text for the section References. It contains information relevant to the topic.,19,0.638,0.101,64,10,1
Document_5.pdf,Scope,This is a sample text for the section Scope. It contains information relevant to the topic.,12,0.934,0.12,393,5,0
Document_6.pdf,Future Work,This is a sample text for the section Future Work. It contains information relevant to the topic.,9,0.77,0.539,302,11,1
Document_3.pdf,References,This is a sample text for the section References. It contains information relevant to the topic.,13,0.609,1.0,227,10,1
Document_5.pdf,Results,This is a sample text for the section Results. It contains information relevant to the topic.,5,0.817,0.336,253,7,0
Document_2.pdf,Methodology,This is a sample text for the section Methodology. It contains information relevant to the topic.,3,0.87,0.585,346,11,0
Document_2.pdf,Appendix,This is a sample text for the section Appendix. It contains information relevant to the topic.,13,0.284,0.099,468,8,0
Document_9.pdf,Limitations,This is a sample text for the section Limitations. It contains information relevant to the topic.,1,0.135,0.92,168,11,0
Document_2.pdf,Recommendations,This is a sample text for the section Recommendations. It contains information relevant to the topic.,14,0.316,0.429,207,15,1
Document_9.pdf,Overview,This is a sample text for the section Overview. It contains information relevant to the topic.,11,0.909,0.803,441,8,1
Document_9.pdf,Methodology,This is a sample text for the section Methodology. It contains information relevant to the topic.,12,0.003,0.438,160,11,0
Document_8.pdf,Scope,This is a sample text for the section Scope. It contains information relevant to the topic.,2,0.901,0.533,312,5,1
Document_9.pdf,Results,This is a sample text for the section Results. It contains information relevant to the topic.,13,0.204,0.626,146,7,1
Document_3.pdf,Abstract,This is a sample text for the section Abstract. It contains information relevant to the topic.,15,0.583,0.04,64,8,1
Document_2.pdf,Future Work,This is a sample text for the section Future Work. It contains information relevant to the topic.,2,0.187,0.827,221,11,1
Document_3.pdf,Conclusion,This is a sample text for the section Conclusion. It contains information relevant to the topic.,12,0.258,0.508,183,10,1
Document_6.pdf,Abstract,This is a sample text for the section Abstract. It contains information relevant to the topic.,6,0.653,0.963,166,8,1
Document_10.pdf,Introduction,This is a sample text for the section Introduction. It contains information relevant to the topic.,5,0.529,0.785,223,12,1
Document_8.pdf,Recommendations,This is a sample text for the section Recommendations. It contains information relevant to the topic.,3,0.98,0.181,480,15,0
Document_4.pdf,Limitations,This is a sample text for the section Limitations. It contains information relevant to the topic.,8,0.723,0.233,312,11,0
Document_7.pdf,Overview,This is a sample text for the section Overview. It contains information relevant to the topic.,6,0.33,0.784,284,8,0
Document_6.pdf,Conclusion,This is a sample text for the section Conclusion. It contains information relevant to the topic.,1,0.639,0.36,237,10,1
Document_3.pdf,Appendix,This is a sample text for the section Appendix. It contains information relevant to the topic.,7,0.597,0.677,336,8,0
Document_1.pdf,Background,This is a sample text for the section Background. It contains information relevant to the topic.,11,0.202,0.498,354,10,0
Document_6.pdf,Findings,This is a sample text for the section Findings. It contains information relevant to the topic.,2,0.553,0.499,182,8,1
Document_6.pdf,Recommendations,This is a sample text for the section Recommendations. It contains information relevant to the topic.,6,0.39,0.77,320,15,1
Document_10.pdf,Scope,This is a sample text for the section Scope. It contains information relevant to the topic.,20,0.814,0.381,205,5,0
Document_10.pdf,Objectives,This is a sample text for the section Objectives. It contains information relevant to the topic.,6,0.67,0.587,488,10,1
Document_6.pdf,Future Work,This is a sample text for the section Future Work. It contains information relevant to the topic.,20,0.352,0.207,430,11,1
Document_2.pdf,Limitations,This is a sample text for the section Limitations. It contains information relevant to the topic.,20,0.714,0.944,260,11,1
Document_7.pdf,Overview,This is a sample text for the section Overview. It contains information relevant to the topic.,2,0.913,0.205,487,8,0
Document_6.pdf,Abstract,This is a sample text for the section Abstract. It contains information relevant to the topic.,11,0.167,0.019,474,8,1
Document_10.pdf,Methodology,This is a sample text for the section Methodology. It contains information relevant to the topic.,17,0.112,0.895,282,11,0
Document_1.pdf,Overview,This is a sample text for the section Overview. It contains information relevant to the topic.,17,0.705,0.563,499,8,0
Document_7.pdf,Future Work,This is a sample text for the section Future Work. It contains information relevant to the topic.,6,0.909,0.844,59,11,1
Document_7.pdf,Key Points,This is a sample text for the section Key Points. It contains information relevant to the topic.,16,0.865,0.554,417,10,0
Document_5.pdf,Objectives,This is a sample text for the section Objectives. It contains information relevant to the topic.,10,0.645,0.458,486,10,0
Document_5.pdf,Limitations,This is a sample text for the section Limitations. It contains information relevant to the topic.,18,0.31,0.045,265,11,1
Document_1.pdf,References,This is a sample text for the section References. It contains information relevant to the topic.,4,0.193,0.506,457,10,0
Document_1.pdf,Conclusion,This is a sample text for the section Conclusion. It contains information relevant to the topic.,3,0.317,0.523,306,10,0
Document_8.pdf,Case Study,This is a sample text for the section Case Study. It contains information relevant to the topic.,12,0.609,0.917,495,10,0
Document_6.pdf,Analysis,This is a sample text for the section Analysis. It contains information relevant to the topic.,17,0.476,0.783,219,8,0
Document_9.pdf,References,This is a sample text for the section References. It contains information relevant to the topic.,15,0.591,0.935,277,10,1
Document_10.pdf,Appendix,This is a sample text for the section Appendix. It contains information relevant to the topic.,6,0.107,0.554,288,8,0
Document_1.pdf,References,This is a sample text for the section References. It contains information relevant to the topic.,4,0.967,0.786,408,10,0
Document_2.pdf,Summary,This is a sample text for the section Summary. It contains information relevant to the topic.,5,0.922,0.424,189,7,0
Document_10.pdf,Analysis,This is a sample text for the section Analysis. It contains information relevant to the topic.,3,0.157,0.059,197,8,0
Document_4.pdf,Background,This is a sample text for the section Background. It contains information relevant to the topic.,18,0.75,0.294,190,10,1
Document_7.pdf,Analysis,This is a sample text for the section Analysis. It contains information relevant to the topic.,13,0.996,0.181,476,8,1
Document_8.pdf,Results,This is a sample text for the section Results. It contains information relevant to the topic.,5,0.205,0.414,63,7,0
Document_10.pdf,Recommendations,This is a sample text for the section Recommendations. It contains information relevant to the topic.,8,0.432,0.743,132,15,0
Document_2.pdf,Summary,This is a sample text for the section Summary. It contains information relevant to the topic.,16,0.176,0.39,349,7,0
Document_5.pdf,Overview,This is a sample text for the section Overview. It contains information relevant to the topic.,17,0.007,0.381,465,8,0
Document_5.pdf,Analysis,This is a sample text for the section Analysis. It contains information relevant to the topic.,16,0.104,0.72,143,8,0
Document_5.pdf,References,This is a sample text for the section References. It contains information relevant to the topic.,20,0.655,0.994,230,10,1
Document_3.pdf,Key Points,This is a sample text for the section Key Points. It contains information relevant to the topic.,11,0.849,0.463,87,10,0
Document_7.pdf,Key Points,This is a sample text for the section Key Points. It contains information relevant to the topic.,5,0.087,0.819,409,10,0
Document_4.pdf,Objectives,This is a sample text for the section Objectives. It contains information relevant to the topic.,17,0.108,0.087,434,10,1
Document_1.pdf,Introduction,This is a sample text for the section Introduction. It contains information relevant to the topic.,19,0.721,0.925,253,12,0
Document_5.pdf,Conclusion,This is a sample text for the section Conclusion. It contains information relevant to the topic.,20,0.655,0.132,180,10,1
Document_5.pdf,Future Work,This is a sample text for the section Future Work. It contains information relevant to the topic.,13,0.36,0.486,498,11,1
Document_6.pdf,Appendix,This is a sample text for the section Appendix. It contains information relevant to the topic.,4,0.313,0.709,378,8,1
Document_5.pdf,Objectives,This is a sample text for the section Objectives. It contains information relevant to the topic.,3,0.346,0.874,144,10,1
Document_7.pdf,Discussion,This is a sample text for the section Discussion. It contains information relevant to the topic.,19,0.967,0.04,204,10,1
Document_3.pdf,Conclusion,This is a sample text for the section Conclusion. It contains information relevant to the topic.,14,0.178,0.465,210,10,1
Document_2.pdf,Case Study,This is a sample text for the section Case Study. It contains information relevant to the topic.,20,0.801,0.004,394,10,1
Document_6.pdf,Discussion,This is a sample text for the section Discussion. It contains information relevant to the topic.,1,0.849,0.759,116,10,1
Document_9.pdf,Limitations,This is a sample text for the section Limitations. It contains information relevant to the topic.,13,0.499,0.038,345,11,0
Document_4.pdf,Conclusion,This is a sample text for the section Conclusion. It contains information relevant to the topic.,9,0.833,0.478,183,10,1
Document_8.pdf,Objectives,This is a sample text for the section Objectives. It contains information relevant to the topic.,12,0.991,0.424,373,10,0
Document_6.pdf,Analysis,This is a sample text for the section Analysis. It contains information relevant to the topic.,17,0.593,0.817,162,8,1
Document_2.pdf,Appendix,This is a sample text for the section Appendix. It contains information relevant to the topic.,8,0.699,0.229,474,8,1
Document_4.pdf,Findings,This is a sample text for the section Findings. It contains information relevant to the topic.,10,0.854,0.554,307,8,1
Document_6.pdf,Key Points,This is a sample text for the section Key Points. It contains information relevant to the topic.,18,0.893,0.663,343,10,0
Document_8.pdf,Abstract,This is a sample text for the section Abstract. It contains information relevant to the topic.,8,0.772,0.659,311,8,0
Document_10.pdf,Overview,This is a sample text for the section Overview. It contains information relevant to the topic.,15,0.443,0.864,467,8,1
Document_3.pdf,Scope,This is a sample text for the section Scope. It contains information relevant to the topic.,2,0.055,0.678,183,5,0
Document_9.pdf,Abstract,This is a sample text for the section Abstract. It contains information relevant to the topic.,19,0.984,0.533,284,8,0
Document_10.pdf,Methodology,This is a sample text for the section Methodology. It contains information relevant to the topic.,10,0.713,0.635,145,11,0
Document_8.pdf,References,This is a sample text for the section References. It contains information relevant to the topic.,3,0.602,0.058,222,10,1
Document_2.pdf,Discussion,This is a sample text for the section Discussion. It contains information relevant to the topic.,11,0.881,0.566,298,10,0
Document_2.pdf,References,This is a sample text for the section References. It contains information relevant to the topic.,20,0.962,0.751,489,10,0
Document_5.pdf,Recommendations,This is a sample text for the section Recommendations. It contains information relevant to the topic.,13,0.876,0.86,192,15,1
Document_9.pdf,Discussion,This is a sample text for the section Discussion. It contains information relevant to the topic.,14,0.19,0.7,279,10,1
Document_5.pdf,Results,This is a sample text for the section Results. It contains information relevant to the topic.,14,0.973,0.611,200,7,1
Document_1.pdf,Appendix,This is a sample text for the section Appendix. It contains information relevant to the topic.,7,0.64,0.83,75,8,1
Document_4.pdf,Future Work,This is a sample text for the section Future Work. It contains information relevant to the topic.,6,0.033,0.244,242,11,0
Document_8.pdf,Abstract,This is a sample text for the section Abstract. It contains information relevant to the topic.,5,0.382,0.556,424,8,0
Document_7.pdf,Appendix,This is a sample text for the section Appendix. It contains information relevant to the topic.,16,0.402,0.718,196,8,0
Document_3.pdf,Conclusion,This is a sample text for the section Conclusion. It contains information relevant to the topic.,8,0.066,0.671,133,10,0
Document_6.pdf,Discussion,This is a sample text for the section Discussion. It contains information relevant to the topic.,3,0.985,0.426,276,10,0
Document_4.pdf,Future Work,This is a sample text for the section Future Work. It contains information relevant to the topic.,8,0.027,0.929,236,11,1
Document_10.pdf,Future Work,This is a sample text for the section Future Work. It contains information relevant to the topic.,15,0.596,0.52,252,11,0
Document_9.pdf,Scope,This is a sample text for the section Scope. It contains information relevant to the topic.,15,0.388,0.381,481,5,0
Document_4.pdf,Appendix,This is a sample text for the section Appendix. It contains information relevant to the topic.,7,0.845,0.945,228,8,1
Document_8.pdf,Analysis,This is a sample text for the section Analysis. It contains information relevant to the topic.,9,0.703,0.563,341,8,1
Document_2.pdf,Key Points,This is a sample text for the section Key Points. It contains information relevant to the topic.,7,0.63,0.393,463,10,1
Document_10.pdf,Limitations,This is a sample text for the section Limitations. It contains information relevant to the topic.,11,0.215,0.777,85,11,0
Document_2.pdf,References,This is a sample text for the section References. It contains information relevant to the topic.,17,0.276,0.212,131,10,0
Document_10.pdf,Analysis,This is a sample text for the section Analysis. It contains information relevant to the topic.,7,0.002,0.737,107,8,1
Document_6.pdf,References,This is a sample text for the section References. It contains information relevant to the topic.,6,0.225,0.496,318,10,1
Document_5.pdf,Objectives,This is a sample text for the section Objectives. It contains information relevant to the topic.,17,0.861,0.14,87,10,0
Document_8.pdf,Introduction,This is a sample text for the section Introduction. It contains information relevant to the topic.,13,0.966,0.571,324,12,0
Document_6.pdf,Results,This is a sample text for the section Results. It contains information relevant to the topic.,6,0.297,0.399,389,7,0
Document_6.pdf,Scope,This is a sample text for the section Scope. It contains information relevant to the topic.,9,0.11,0.861,144,5,0
Document_2.pdf,Objectives,This is a sample text for the section Objectives. It contains information relevant to the topic.,20,0.261,0.614,414,10,0
Document_5.pdf,Methodology,This is a sample text for the section Methodology. It contains information relevant to the topic.,10,0.903,0.563,197,11,0
Document_10.pdf,Recommendations,This is a sample text for the section Recommendations. It contains information relevant to the topic.,5,0.844,0.249,74,15,1
Document_5.pdf,Recommendations,This is a sample text for the section Recommendations. It contains information relevant to the topic.,11,0.87,0.361,110,15,1
Document_8.pdf,Results,This is a sample text for the section Results. It contains information relevant to the topic.,8,0.765,0.427,299,7,1
Document_7.pdf,Appendix,This is a sample text for the section Appendix. It contains information relevant to the topic.,19,0.933,0.33,464,8,0
Document_5.pdf,Objectives,This is a sample text for the section Objectives. It contains information relevant to the topic.,8,0.478,0.522,166,10,1
Document_4.pdf,Analysis,This is a sample text for the section Analysis. It contains information relevant to the topic.,20,0.081,0.192,287,8,1
Document_6.pdf,Findings,This is a sample text for the section Findings. It contains information relevant to the topic.,20,0.744,0.481,333,8,0
Document_7.pdf,Objectives,This is a sample text for the section Objectives. It contains information relevant to the topic.,18,0.866,0.749,259,10,0
Document_9.pdf,Findings,This is a sample text for the section Findings. It contains information relevant to the topic.,1,0.518,0.303,402,8,1
Document_5.pdf,Appendix,This is a sample text for the section Appendix. It contains information relevant to the topic.,20,0.251,0.384,393,8,0
Document_8.pdf,Background,This is a sample text for the section Background. It contains information relevant to the topic.,19,0.398,0.857,84,10,0
Document_5.pdf,Limitations,This is a sample text for the section Limitations. It contains information relevant to the topic.,20,0.605,0.919,82,11,1
Document_3.pdf,Overview,This is a sample text for the section Overview. It contains information relevant to the topic.,6,0.25,0.469,138,8,1
Document_9.pdf,Appendix,This is a sample text for the section Appendix. It contains information relevant to the topic.,1,0.226,0.445,462,8,1
Document_9.pdf,Methodology,This is a sample text for the section Methodology. It contains information relevant to the topic.,14,0.323,0.3,83,11,1
Document_6.pdf,Introduction,This is a sample text for the section Introduction. It contains information relevant to the topic.,4,0.992,0.236,160,12,0
Document_2.pdf,Key Points,This is a sample text for the section Key Points. It contains information relevant to the topic.,8,0.572,0.779,214,10,0
Document_1.pdf,Summary,This is a sample text for the section Summary. It contains information relevant to the topic.,5,0.487,0.354,98,7,0
Document_8.pdf,Future Work,This is a sample text for the section Future Work. It contains information relevant to the topic.,5,0.087,0.664,460,11,1
Document_9.pdf,Recommendations,This is a sample text for the section Recommendations. It contains information relevant to the topic.,8,0.148,0.89,203,15,1
Document_4.pdf,Introduction,This is a sample text for the section Introduction. It contains information relevant to the topic.,13,0.547,0.933,175,12,0
Document_3.pdf,Findings,This is a sample text for the section Findings. It contains information relevant to the topic.,15,0.564,0.907,371,8,1
Document_8.pdf,Key Points,This is a sample text for the section Key Points. It contains information relevant to the topic.,19,0.992,0.831,68,10,0
Document_1.pdf,Appendix,This is a sample text for the section Appendix. It contains information relevant to the topic.,8,0.441,0.918,252,8,0
Document_9.pdf,Objectives,This is a sample text for the section Objectives. It contains information relevant to the topic.,15,0.63,0.267,312,10,0
Document_7.pdf,Summary,This is a sample text for the section Summary. It contains information relevant to the topic.,15,0.497,0.985,337,7,1
Document_3.pdf,Introduction,This is a sample text for the section Introduction. It contains information relevant to the topic.,15,0.991,0.924,327,12,0
Document_10.pdf,Recommendations,This is a sample text for the section Recommendations. It contains information relevant to the topic.,15,0.8,0.315,172,15,0
Document_2.pdf,Abstract,This is a sample text for the section Abstract. It contains information relevant to the topic.,20,0.002,0.358,299,8,1
Document_8.pdf,Findings,This is a sample text for the section Findings. It contains information relevant to the topic.,13,0.543,0.617,292,8,0
Document_7.pdf,Results,This is a sample text for the section Results. It contains information relevant to the topic.,15,0.849,0.471,369,7,1
Document_6.pdf,Key Points,This is a sample text for the section Key Points. It contains information relevant to the topic.,11,0.758,0.047,183,10,0
Document_7.pdf,Analysis,This is a sample text for the section Analysis. It contains information relevant to the topic.,20,0.875,0.936,451,8,0
Document_6.pdf,Background,This is a sample text for the section Background. It contains information relevant to the topic.,19,0.376,0.227,409,10,0
Document_9.pdf,Case Study,This is a sample text for the section Case Study. It contains information relevant to the topic.,19,0.909,0.751,257,10,0
Document_4.pdf,Recommendations,This is a sample text for the section Recommendations. It contains information relevant to the topic.,4,0.473,0.556,277,15,0
Document_1.pdf,Results,This is a sample text for the section Results. It contains information relevant to the topic.,3,0.979,0.16,54,7,1
Document_3.pdf,Discussion,This is a sample text for the section Discussion. It contains information relevant to the topic.,1,0.995,0.672,165,10,1
Document_3.pdf,Analysis,This is a sample text for the section Analysis. It contains information relevant to the topic.,6,0.636,0.815,114,8,1
Document_4.pdf,Background,This is a sample text for the section Background. It contains information relevant to the topic.,4,0.439,0.134,125,10,0
Document_6.pdf,Future Work,This is a sample text for the section Future Work. It contains information relevant to the topic.,15,0.26,0.655,257,11,1
Document_2.pdf,Analysis,This is a sample text for the section Analysis. It contains information relevant to the topic.,17,0.703,0.457,367,8,0
Document_2.pdf,Analysis,This is a sample text for the section Analysis. It contains information relevant to the topic.,16,0.013,0.041,189,8,1
Document_4.pdf,References,This is a sample text for the section References. It contains information relevant to the topic.,15,0.234,0.058,260,10,1
Document_10.pdf,Conclusion,This is a sample text for the section Conclusion. It contains information relevant to the topic.,4,0.923,0.11,210,10,1
Document_9.pdf,Findings,This is a sample text for the section Findings. It contains information relevant to the topic.,10,0.277,0.072,142,8,0
Document_8.pdf,Future Work,This is a sample text for the section Future Work. It contains information relevant to the topic.,5,0.201,0.134,185,11,0
Document_1.pdf,Scope,This is a sample text for the section Scope. It contains information relevant to the topic.,20,0.026,0.366,106,5,1
Document_3.pdf,Appendix,This is a sample text for the section Appendix. It contains information relevant to the topic.,12,0.283,0.575,130,8,0
Document_2.pdf,Recommendations,This is a sample text for the section Recommendations. It contains information relevant to the topic.,3,0.862,0.743,308,15,1
Document_6.pdf,Discussion,This is a sample text for the section Discussion. It contains information relevant to the topic.,5,0.683,0.599,301,10,0
Document_2.pdf,Abstract,This is a sample text for the section Abstract. It contains information relevant to the topic.,14,0.492,0.797,245,8,1
Document_3.pdf,Limitations,This is a sample text for the section Limitations. It contains information relevant to the topic.,18,0.611,0.465,462,11,0
Document_9.pdf,References,This is a sample text for the section References. It contains information relevant to the topic.,8,0.903,0.808,255,10,0
Document_2.pdf,Limitations,This is a sample text for the section Limitations. It contains information relevant to the topic.,8,0.177,0.624,451,11,1
Document_6.pdf,Limitations,This is a sample text for the section Limitations. It contains information relevant to the topic.,11,0.46,0.188,181,11,0
Document_3.pdf,Background,This is a sample text for the section Background. It contains information relevant to the topic.,1,0.006,0.469,271,10,1
Document_2.pdf,Recommendations,This is a sample text for the section Recommendations. It contains information relevant to the topic.,16,0.772,0.917,327,15,0
Document_1.pdf,Overview,This is a sample text for the section Overview. It contains information relevant to the topic.,4,0.315,0.52,483,8,1
Document_2.pdf,Summary,This is a sample text for the section Summary. It contains information relevant to the topic.,5,0.561,0.284,356,7,0
Document_8.pdf,Future Work,This is a sample text for the section Future Work. It contains information relevant to the topic.,3,0.699,0.119,107,11,0
Document_8.pdf,References,This is a sample text for the section References. It contains information relevant to the topic.,8,0.038,0.476,436,10,1
Document_10.pdf,Overview,This is a sample text for the section Overview. It contains information relevant to the topic.,12,0.538,0.883,118,8,0
Document_6.pdf,Discussion,This is a sample text for the section Discussion. It contains information relevant to the topic.,3,0.507,0.842,288,10,0
Document_1.pdf,Objectives,This is a sample text for the section Objectives. It contains information relevant to the topic.,18,0.311,0.859,184,10,1
Document_4.pdf,Conclusion,This is a sample text for the section Conclusion. It contains information relevant to the topic.,5,0.342,0.969,196,10,0
Document_2.pdf,Appendix,This is a sample text for the section Appendix. It contains information relevant to the topic.,14,0.602,0.941,399,8,0
Document_5.pdf,Scope,This is a sample text for the section Scope. It contains information relevant to the topic.,11,0.376,0.99,65,5,0
Document_1.pdf,Discussion,This is a sample text for the section Discussion. It contains information relevant to the topic.,14,0.497,0.063,434,10,0
Document_4.pdf,Case Study,This is a sample text for the section Case Study. It contains information relevant to the topic.,2,0.042,0.93,250,10,1
Document_5.pdf,References,This is a sample text for the section References. It contains information relevant to the topic.,1,0.294,0.307,224,10,0
Document_6.pdf,Limitations,This is a sample text for the section Limitations. It contains information relevant to the topic.,18,0.084,0.332,152,11,0
Document_9.pdf,Abstract,This is a sample text for the section Abstract. It contains information relevant to the topic.,16,0.658,0.229,144,8,1
Document_4.pdf,Findings,This is a sample text for the section Findings. It contains information relevant to the topic.,5,0.366,0.531,55,8,1
Document_9.pdf,Case Study,This is a sample text for the section Case Study. It contains information relevant to the topic.,5,0.836,0.626,200,10,0
Document_1.pdf,Objectives,This is a sample text for the section Objectives. It contains information relevant to the topic.,4,0.64,0.395,331,10,0
Document_10.pdf,Findings,This is a sample text for the section Findings. It contains information relevant to the topic.,20,0.358,0.583,125,8,1
Document_5.pdf,Key Points,This is a sample text for the section Key Points. It contains information relevant to the topic.,5,0.649,0.99,459,10,1
Document_7.pdf,Methodology,This is a sample text for the section Methodology. It contains information relevant to the topic.,18,0.424,0.105,160,11,1
Document_5.pdf,Limitations,This is a sample text for the section Limitations. It contains information relevant to the topic.,19,0.797,0.588,452,11,1
Document_7.pdf,Findings,This is a sample text for the section Findings. It contains information relevant to the topic.,9,0.461,0.395,269,8,1
Document_6.pdf,Recommendations,This is a sample text for the section Recommendations. It contains information relevant to the topic.,7,0.644,0.287,228,15,1
Document_5.pdf,Future Work,This is a sample text for the section Future Work. It contains information relevant to the topic.,16,0.103,0.312,189,11,1
Document_7.pdf,Findings,This is a sample text for the section Findings. It contains information relevant to the topic.,12,0.742,0.479,353,8,1
Document_6.pdf,Future Work,This is a sample text for the section Future Work. It contains information relevant to the topic.,10,0.686,0.669,295,11,1
Document_1.pdf,Recommendations,This is a sample text for the section Recommendations. It contains information relevant to the topic.,9,0.127,0.177,207,15,0
Document_7.pdf,Summary,This is a sample text for the section Summary. It contains information relevant to the topic.,5,0.487,0.759,404,7,1
Document_9.pdf,Introduction,This is a sample text for the section Introduction. It contains information relevant to the topic.,4,0.701,0.599,209,12,0
Document_6.pdf,Summary,This is a sample text for the section Summary. It contains information relevant to the topic.,2,0.238,0.233,57,7,0
Document_9.pdf,Findings,This is a sample text for the section Findings. It contains information relevant to the topic.,14,0.477,0.881,156,8,1
Document_6.pdf,Limitations,This is a sample text for the section Limitations. It contains information relevant to the topic.,5,0.94,0.814,161,11,1
Document_7.pdf,Overview,This is a sample text for the section Overview. It contains information relevant to the topic.,7,0.789,0.643,87,8,1
Document_10.pdf,Background,This is a sample text for the section Background. It contains information relevant to the topic.,17,0.503,0.41,441,10,1
Document_10.pdf,Background,This is a sample text for the section Background. It contains information relevant to the topic.,5,0.326,0.143,59,10,1
Document_3.pdf,Recommendations,This is a sample text for the section Recommendations. It contains information relevant to the topic.,10,0.933,0.403,90,15,0
Document_7.pdf,Case Study,This is a sample text for the section Case Study. It contains information relevant to the topic.,2,0.976,0.499,171,10,1
Document_7.pdf,Recommendations,This is a sample text for the section Recommendations. It contains information relevant to the topic.,12,0.665,0.008,378,15,1
Document_7.pdf,Recommendations,This is a sample text for the section Recommendations. It contains information relevant to the topic.,1,0.288,0.856,418,15,1
Document_10.pdf,Key Points,This is a sample text for the section Key Points. It contains information relevant to the topic.,1,0.357,0.604,318,10,0
Document_2.pdf,Findings,This is a sample text for the section Findings. It contains information relevant to the topic.,8,0.809,0.49,280,8,1
Document_8.pdf,Findings,This is a sample text for the section Findings. It contains information relevant to the topic.,15,0.361,0.897,271,8,1
Document_5.pdf,Appendix,This is a sample text for the section Appendix. It contains information relevant to the topic.,9,0.191,0.457,302,8,1
Document_3.pdf,Objectives,This is a sample text for the section Objectives. It contains information relevant to the topic.,15,0.972,0.36,204,10,0
Document_7.pdf,Limitations,This is a sample text for the section Limitations. It contains information relevant to the topic.,5,0.536,0.121,292,11,0
Document_1.pdf,Background,This is a sample text for the section Background. It contains information relevant to the topic.,15,0.675,0.354,341,10,0
Document_2.pdf,Methodology,This is a sample text for the section Methodology. It contains information relevant to the topic.,13,0.428,0.168,232,11,1
Document_6.pdf,Methodology,This is a sample text for the section Methodology. It contains information relevant to the topic.,5,0.777,0.504,262,11,1
Document_9.pdf,Background,This is a sample text for the section Background. It contains information relevant to the topic.,7,0.34,0.482,110,10,0
Document_6.pdf,Background,This is a sample text for the section Background. It contains information relevant to the topic.,7,0.717,0.574,387,10,0
Document_5.pdf,Overview,This is a sample text for the section Overview. It contains information relevant to the topic.,8,0.53,0.103,50,8,0
Document_7.pdf,Introduction,This is a sample text for the section Introduction. It contains information relevant to the topic.,20,0.839,0.988,277,12,1
Document_7.pdf,Appendix,This is a sample text for the section Appendix. It contains information relevant to the topic.,9,0.742,0.831,307,8,1
Document_5.pdf,Methodology,This is a sample text for the section Methodology. It contains information relevant to the topic.,20,0.328,0.581,297,11,0
Document_5.pdf,Scope,This is a sample text for the section Scope. It contains information relevant to the topic.,1,0.522,0.456,194,5,1
Document_1.pdf,References,This is a sample text for the section References. It contains information relevant to the topic.,17,0.718,0.712,74,10,1
Document_3.pdf,Discussion,This is a sample text for the section Discussion. It contains information relevant to the topic.,14,0.946,0.007,429,10,0
Document_6.pdf,Future Work,This is a sample text for the section Future Work. It contains information relevant to the topic.,8,0.636,0.797,299,11,1
Document_4.pdf,Results,This is a sample text for the section Results. It contains information relevant to the topic.,18,0.323,0.166,156,7,1
Document_6.pdf,Introduction,This is a sample text for the section Introduction. It contains information relevant to the topic.,14,0.654,0.313,488,12,0
